{"version":"3.10.1","examples":[{"id":"./spec/models/customer_spec.rb[1:1]","description":"add some examples to (or delete) /Users/echoecho/Development/code/phase-4/phase-4-proj 3.33.15 PM/spec/models/customer_spec.rb","full_description":"Customer add some examples to (or delete) /Users/echoecho/Development/code/phase-4/phase-4-proj 3.33.15 PM/spec/models/customer_spec.rb","status":"pending","file_path":"./spec/models/customer_spec.rb","line_number":4,"run_time":1.9e-05,"pending_message":"Not yet implemented"},{"id":"./spec/requests/customers_spec.rb[1:1:1]","description":"add some examples (or delete) /Users/echoecho/Development/code/phase-4/phase-4-proj 3.33.15 PM/spec/requests/customers_spec.rb","full_description":"Customers GET /index add some examples (or delete) /Users/echoecho/Development/code/phase-4/phase-4-proj 3.33.15 PM/spec/requests/customers_spec.rb","status":"pending","file_path":"./spec/requests/customers_spec.rb","line_number":5,"run_time":7.0e-06,"pending_message":"Not yet implemented"}],"summary":{"duration":0.002366,"example_count":2,"failure_count":0,"pending_count":2,"errors_outside_of_examples_count":0},"summary_line":"2 examples, 0 failures, 2 pending"}